{
	"info": {
		"name": "CertiTrackerNancyTests",
		"_postman_id": "ad02586b-c31d-fd21-59f2-8a3b08f45c76",
		"description": "",
		"schema": "https://schema.getpostman.com/json/collection/v2.1.0/collection.json"
	},
	"item": [
		{
			"name": "UserTests",
			"description": "",
			"item": [
				{
					"name": "localhost:8390/getuser/1\n\n",
					"event": [
						{
							"listen": "test",
							"script": {
								"id": "fde835e6-9044-4f5a-b19d-e23aaf96151b",
								"type": "text/javascript",
								"exec": [
									"//tests[\"Status code is 200\"] = responseCode.code === 200;",
									"",
									"pm.test(\"Status code is 200\", function () {",
									"    pm.response.to.have.status(200);",
									"});",
									"",
									"pm.test(\"Test user data feilds\", function()",
									"{",
									"    var result = pm.response.json();",
									"    ",
									"    pm.expect(result.fName).to.eq(\"Flynn\");",
									"    pm.expect(result.lName).to.eq(\"Hendricks\");",
									"    pm.expect(result.email).to.eq(\"Flynn.Hendricks@gmail.com\");",
									"    pm.expect(result.uID).to.eq(1);",
									"    pm.expect(result.location).to.eq(\"Bozeman, Montana\");",
									"    pm.expect(result.background).to.eq(\"I come from the land down under\");",
									"    pm.expect(result.areaOfInterest).to.eq(\"I enjoy working with kids.\");",
									"",
									"});"
								]
							}
						}
					],
					"request": {
						"method": "GET",
						"header": [
							{
								"key": "Accept",
								"value": "application/json"
							}
						],
						"body": {},
						"url": {
							"raw": "localhost:8390/getuser/1",
							"host": [
								"localhost"
							],
							"port": "8390",
							"path": [
								"getuser",
								"1"
							]
						},
						"description": ""
					},
					"response": []
				}
			]
		},
		{
			"name": "FormTests",
			"description": "",
			"item": []
		}
	]
}